{
    "attractive": {
        "probability": 0.9656574130058289,
        "predicted": true
    },
    "blurry_image": {
        "probability": 0.003055417910218239,
        "predicted": false
    },
    "sharp_jawline": {
        "probability": 0.9476274847984314,
        "predicted": true
    },
    "high_cheekbones": {
        "probability": 0.07431493699550629,
        "predicted": false
    },
    "smiling": {
        "probability": 0.9588121175765991,
        "predicted": true
    },
    "bald": {
        "probability": 0.0024178053718060255,
        "predicted": false
    },
    "receeding_hairline": {
        "probability": 0.0014163966989144683,
        "predicted": false
    },
    "long_hair": {
        "probability": 0.011673842556774616,
        "predicted": false
    },
    "curly_hair": {
        "probability": 5.004899503546767e-05,
        "predicted": false
    },
    "grey_hair": {
        "probability": 0.010321184992790222,
        "predicted": false
    },
    "black_hair": {
        "probability": 0.8721498847007751,
        "predicted": true
    },
    "has_beard": {
        "probability": 0.011867649853229523,
        "predicted": false
    },
    "patchy_beard": {
        "probability": 0.0029326907824724913,
        "predicted": false
    },
    "has_mustache": {
        "probability": 0.10030192881822586,
        "predicted": false
    },
    "well_groomed": {
        "probability": 0.9788253903388977,
        "predicted": true
    },
    "has_makeup": {
        "probability": 0.06329572945833206,
        "predicted": false
    },
    "wearing_glasses": {
        "probability": 0.013609014451503754,
        "predicted": false
    },
    "wearing_hat": {
        "probability": 0.00496502174064517,
        "predicted": false
    },
    "clear_skin": {
        "probability": 0.973552942276001,
        "predicted": true
    },
    "dark_circles": {
        "probability": 0.624151885509491,
        "predicted": true
    },
    "oily_skin": {
        "probability": 0.27507588267326355,
        "predicted": false
    },
    "thick_eyebrow": {
        "probability": 0.2760341465473175,
        "predicted": false
    },
    "big_eyes": {
        "probability": 0.4098641276359558,
        "predicted": false
    },
    "big_lips": {
        "probability": 0.0009170499397441745,
        "predicted": false
    },
    "sharp_nose": {
        "probability": 0.16726204752922058,
        "predicted": false
    },
    "adult": {
        "probability": 0.9091532826423645,
        "predicted": true
    },
    "old": {
        "probability": 0.032290663570165634,
        "predicted": false
    },
    "mouth_open": {
        "probability": 0.004661842714995146,
        "predicted": false
    },
    "male": {
        "probability": 0.9848800897598267,
        "predicted": true
    },
    "double_chin": {
        "probability": 0.005298890173435211,
        "predicted": false
    },
    "veil": {
        "probability": 0.0006882839370518923,
        "predicted": false
    },
    "dry_skin": {
        "probability": 0.33481308817863464,
        "predicted": false
    },
    "freckle": {
        "probability": 0.046231601387262344,
        "predicted": false
    },
    "wrinkle": {
        "probability": 0.001605283934623003,
        "predicted": false
    },
    "chubby": {
        "probability": 0.05504198372364044,
        "predicted": false
    }
}